City_ID,City,Country,Date,Lat,Lng,Max Temp,Humidity,Cloudiness,Wind Speed
0,Ponta Do Sol,PT,2022-01-23 22:57:55,32.6667,-17.1,65.71,78,99,5.73
1,Hobart,AU,2022-01-23 22:55:26,-42.8794,147.3294,75.02,70,100,1.01
2,Butaritari,KI,2022-01-23 22:57:56,3.0707,172.7902,82.24,78,99,17.92
3,Hermanus,ZA,2022-01-23 22:54:12,-34.4187,19.2345,68.81,94,52,6.49
4,Assiniboia,CA,2022-01-23 22:57:56,49.6334,-105.9845,37.31,86,100,19.57
5,Kiruna,SE,2022-01-23 22:57:56,67.8557,20.2251,40.12,70,100,2.3
6,Salalah,OM,2022-01-23 22:57:56,17.0151,54.0924,62.96,30,1,12.59
7,Matara,LK,2022-01-23 22:57:57,5.9485,80.5353,71.94,91,100,4.18
8,Albany,US,2022-01-23 22:57:57,42.6001,-73.9662,27.81,83,100,2.13
9,Barrow,US,2022-01-23 22:57:57,71.2906,-156.7887,1.35,96,100,2.77
10,Lusaka,ZM,2022-01-23 22:57:58,-15.4067,28.2871,59.13,93,6,3.8
11,Silikatnyy,RU,2022-01-23 22:57:58,53.9896,48.3275,13.32,94,100,2.91
12,Gizo,SB,2022-01-23 22:57:58,-8.103,156.8419,84.67,74,58,9.26
13,Pontianak,ID,2022-01-23 22:57:58,-0.0333,109.3333,75.18,94,40,0.0
14,Mataura,NZ,2022-01-23 22:57:59,-46.1927,168.8643,61.48,44,41,0.87
15,Price,US,2022-01-23 22:57:59,39.5994,-110.8107,39.42,63,4,2.01
16,Vaini,TO,2022-01-23 22:57:59,-21.2,-175.2,81.23,73,23,9.17
17,Punta Arenas,CL,2022-01-23 22:57:59,-53.15,-70.9167,57.31,54,75,20.71
18,Alofi,NU,2022-01-23 22:58:00,-19.0595,-169.9187,85.89,70,19,8.05
19,Norman Wells,CA,2022-01-23 22:58:00,65.282,-126.8329,3.24,78,100,11.5
20,Erdemli,TR,2022-01-23 22:58:00,36.605,34.3084,38.75,45,89,15.57
21,Omboue,GA,2022-01-23 22:58:01,-1.5746,9.2618,76.71,86,44,7.67
22,Mount Isa,AU,2022-01-23 22:58:01,-20.7333,139.5,76.77,100,75,8.05
23,Jamestown,US,2022-01-23 22:56:43,42.097,-79.2353,23.09,65,100,4.0
24,Fort Nelson,CA,2022-01-23 22:58:01,58.8053,-122.7002,24.39,93,75,4.61
25,Cabo San Lucas,MX,2022-01-23 22:55:20,22.8909,-109.9124,73.62,70,96,4.0
26,Nhulunbuy,AU,2022-01-23 22:58:01,-12.2333,136.7667,79.41,94,75,8.05
27,Fatehpur Sikri,IN,2022-01-23 22:58:02,27.1,77.6667,47.79,92,0,6.82
28,Vila Franca Do Campo,PT,2022-01-23 22:58:02,37.7167,-25.4333,59.2,70,23,5.95
29,Khilok,RU,2022-01-23 22:58:02,51.3674,110.4676,2.12,99,100,2.1
30,Chokurdakh,RU,2022-01-23 22:58:03,70.6333,147.9167,-18.53,99,100,6.6
31,Honiara,SB,2022-01-23 22:57:45,-9.4333,159.95,86.49,70,55,5.95
32,Kapaa,US,2022-01-23 22:58:03,22.0752,-159.319,81.12,70,27,1.99
33,Thompson,CA,2022-01-23 22:56:31,55.7435,-97.8558,-9.24,70,0,9.22
34,Yumen,CN,2022-01-23 22:58:03,40.2833,97.2,16.9,56,4,1.86
35,Fortuna,US,2022-01-23 22:58:03,40.5982,-124.1573,68.18,46,0,4.05
36,Olga,RU,2022-01-23 22:58:04,43.7444,135.2892,9.54,70,0,7.76
37,Kem,RU,2022-01-23 22:58:04,64.9555,34.5793,33.35,92,100,17.4
38,Avarua,CK,2022-01-23 22:55:28,-21.2078,-159.775,80.65,89,100,18.41
39,Port Alfred,ZA,2022-01-23 22:58:04,-33.5906,26.891,72.18,79,0,18.79
40,Cape Town,ZA,2022-01-23 22:57:26,-33.9258,18.4232,69.12,90,75,12.66
41,Hamilton,US,2022-01-23 22:56:07,39.1834,-84.5333,29.03,73,97,1.01
42,Mount Gambier,AU,2022-01-23 22:58:05,-37.8333,140.7667,78.71,41,82,11.5
43,Carnarvon,AU,2022-01-23 22:58:05,-24.8667,113.6333,78.87,65,11,19.57
44,New Norfolk,AU,2022-01-23 22:58:05,-42.7826,147.0587,74.66,52,97,1.03
45,Bambous Virieux,MU,2022-01-23 22:58:05,-20.3428,57.7575,79.05,83,40,2.3
46,Klaksvik,FO,2022-01-23 22:59:06,62.2266,-6.589,40.12,62,100,27.56
47,Busselton,AU,2022-01-23 22:59:06,-33.65,115.3333,67.05,72,61,15.28
48,Mago,RU,2022-01-23 22:59:06,53.2514,140.1822,-18.94,99,72,1.54
49,Lebu,CL,2022-01-23 22:59:06,-37.6167,-73.65,62.82,79,1,10.16
50,Pacific Grove,US,2022-01-23 22:59:07,36.6177,-121.9166,69.58,41,0,3.0
51,Yarensk,RU,2022-01-23 22:59:07,62.1675,49.0916,-3.59,100,98,3.78
52,Lagunas,PE,2022-01-23 22:59:07,-5.2269,-75.6753,84.33,63,90,2.44
53,Lagoa,PT,2022-01-23 22:59:08,39.05,-27.9833,59.22,62,27,6.53
54,Bluff,NZ,2022-01-23 22:59:08,-46.6,168.3333,61.81,58,62,2.46
55,Avera,US,2022-01-23 22:59:08,33.194,-82.5271,50.68,49,0,7.92
56,Chifeng,CN,2022-01-23 22:59:08,42.2683,118.9636,12.79,53,100,0.85
57,Punta Alta,AR,2022-01-23 22:59:09,-38.8759,-62.0736,81.3,35,29,6.73
58,Leh,IN,2022-01-23 22:59:09,34.1667,77.5833,6.64,97,100,1.72
59,Mar Del Plata,AR,2022-01-23 22:59:09,-38.0023,-57.5575,78.82,59,0,3.0
60,Yellowknife,CA,2022-01-23 22:59:10,62.456,-114.3525,-16.58,82,40,5.75
61,Ushuaia,AR,2022-01-23 22:58:45,-54.8,-68.3,51.46,66,75,21.85
62,Mosquera,CO,2022-01-23 22:59:10,4.7059,-74.2302,60.89,82,40,8.05
63,Maba,CN,2022-01-23 22:59:11,24.6841,113.5984,52.39,86,100,3.04
64,Ribeira Grande,PT,2022-01-23 22:59:11,38.5167,-28.7,59.99,64,13,7.43
65,Qaanaaq,GL,2022-01-23 22:59:11,77.484,-69.3632,-4.29,75,100,3.76
66,Sechenovo,RU,2022-01-23 22:59:12,55.2244,45.8906,5.74,100,100,3.89
67,East London,ZA,2022-01-23 22:56:15,-33.0153,27.9116,72.3,77,0,20.29
68,Vardo,NO,2022-01-23 22:59:12,70.3705,31.1107,41.2,79,100,38.03
69,Pisco,PE,2022-01-23 22:54:53,-13.7,-76.2167,77.05,65,0,19.57
70,Khatanga,RU,2022-01-23 22:59:12,71.9667,102.5,-20.16,100,100,3.96
71,Nanortalik,GL,2022-01-23 22:59:13,60.1432,-45.2371,23.02,77,100,6.93
72,Barabinsk,RU,2022-01-23 22:59:13,55.3571,78.357,-1.19,98,86,4.65
73,Khani,GE,2022-01-23 22:59:13,41.9563,42.9566,42.37,75,100,7.96
74,Springfield,US,2022-01-23 22:55:09,37.2153,-93.2982,48.22,67,26,5.35
75,Mpika,ZM,2022-01-23 22:59:14,-11.8343,31.4529,58.21,98,96,5.66
76,Sistranda,NO,2022-01-23 22:58:23,63.7256,8.834,48.9,68,100,44.49
77,Ilulissat,GL,2022-01-23 22:59:14,69.2167,-51.1,5.41,85,100,6.69
78,Taltal,CL,2022-01-23 22:59:14,-25.4,-70.4833,67.19,72,69,4.61
79,Vao,NC,2022-01-23 22:59:14,-22.6667,167.4833,76.93,67,7,9.53
80,Muisne,EC,2022-01-23 22:59:15,0.6,-80.0333,77.11,86,78,8.41
81,Lompoc,US,2022-01-23 22:59:15,34.6391,-120.4579,74.21,56,0,15.01
82,Russellville,US,2022-01-23 22:59:15,35.2784,-93.1338,58.73,72,1,3.96
83,Mahebourg,MU,2022-01-23 22:59:15,-20.4081,57.7,79.09,83,40,2.3
84,Zhaoyang,CN,2022-01-23 22:59:16,42.682,126.0305,-4.65,98,73,1.81
85,Atuona,PF,2022-01-23 22:59:16,-9.8,-139.0333,78.73,75,17,19.08
86,Reims,FR,2022-01-23 22:57:20,49.1667,4.0833,37.18,81,40,5.75
87,Alekseyevsk,RU,2022-01-23 22:59:16,57.8406,108.3492,-17.82,100,99,2.33
88,Aykhal,RU,2022-01-23 22:59:17,66.0,111.5,5.41,100,87,4.81
89,Constitucion,CL,2022-01-23 23:00:17,-35.3333,-72.4167,64.36,72,0,19.08
90,Tiksi,RU,2022-01-23 23:00:18,71.6872,128.8694,-5.84,100,100,3.27
91,Kaitangata,NZ,2022-01-23 23:00:18,-46.2817,169.8464,55.92,69,56,6.73
92,Rikitea,PF,2022-01-23 23:00:19,-23.1203,-134.9692,78.53,70,99,15.37
93,Kodiak,US,2022-01-23 23:00:19,57.79,-152.4072,39.11,92,100,17.52
94,Kupang,ID,2022-01-23 23:00:20,-10.1667,123.5833,80.44,82,98,10.63
95,Erenhot,CN,2022-01-23 23:00:21,43.6475,111.9767,7.56,97,72,2.3
96,Anchorage,US,2022-01-23 23:00:01,61.2181,-149.9003,42.85,76,100,1.01
97,Rudnya,RU,2022-01-23 23:00:21,54.947,31.0934,-1.23,100,96,1.3
98,Husavik,IS,2022-01-23 22:57:15,66.0449,-17.3389,24.71,68,55,20.27
99,Beringovskiy,RU,2022-01-23 23:00:22,63.05,179.3167,-19.1,97,76,5.5
100,Yanam,IN,2022-01-23 23:00:23,16.7333,82.2167,68.92,97,49,1.97
101,Ardea,IT,2022-01-23 23:00:23,41.6123,12.5143,46.8,74,0,1.99
102,Narasannapeta,IN,2022-01-23 23:00:23,18.4167,84.05,69.8,87,52,4.99
103,Longyearbyen,SJ,2022-01-23 23:00:24,78.2186,15.6401,13.84,79,0,8.05
104,Zyryanka,RU,2022-01-23 23:00:24,65.75,150.85,-24.38,98,100,5.3
105,Rundu,NA,2022-01-23 23:00:24,-17.9333,19.7667,64.4,73,65,5.19
106,Argostolion,GR,2022-01-23 23:00:24,38.1811,20.489,43.81,49,28,14.97
107,San Patricio,US,2022-01-23 23:00:25,28.017,-97.5169,57.92,43,100,4.36
108,Markova,UA,2022-01-23 23:00:25,48.6758,24.4138,11.71,98,100,2.66
109,Kavaratti,IN,2022-01-23 23:00:25,10.5669,72.642,79.48,63,7,11.39
110,Deputatskiy,RU,2022-01-23 23:00:26,69.3,139.9,-21.51,98,100,5.23
111,Vanavara,RU,2022-01-23 23:00:26,60.34,102.2797,-10.03,100,100,2.77
112,Bandarbeyla,SO,2022-01-23 23:00:26,9.4942,50.8122,74.37,70,12,18.59
113,Qingyuan,CN,2022-01-23 23:00:27,23.7,113.0333,64.38,82,96,5.95
114,Mahibadhoo,MV,2022-01-23 23:00:27,3.7833,72.9667,81.09,66,68,12.66
115,Kot Addu,PK,2022-01-23 23:00:27,30.4692,70.9671,46.26,71,0,4.99
116,Saint-Philippe,RE,2022-01-23 23:00:28,-21.3585,55.7679,78.39,83,46,8.39
117,Mitu,CO,2022-01-23 23:00:28,1.1983,-70.1733,74.35,96,84,2.06
118,Gratkorn,AT,2022-01-23 23:00:28,47.1497,15.3655,31.78,86,75,2.3
119,Nikolskoye,RU,2022-01-23 23:00:29,59.7035,30.7861,27.88,94,95,8.7
120,Laguna,US,2022-01-23 23:00:29,38.421,-121.4238,67.66,55,0,1.99
121,Bilibino,RU,2022-01-23 23:00:29,68.0546,166.4372,-28.71,97,100,4.23
122,Cidreira,BR,2022-01-23 23:00:30,-30.1811,-50.2056,77.7,88,49,5.5
123,Kuldiga,LV,2022-01-23 22:56:15,56.974,21.9572,37.09,92,76,9.1
124,Tuktoyaktuk,CA,2022-01-23 23:00:30,69.4541,-133.0374,0.12,98,97,6.35
125,Bahia Honda,CU,2022-01-23 23:00:30,22.9036,-83.1592,68.76,80,89,12.01
126,Sao Joao Da Barra,BR,2022-01-23 23:00:31,-21.6403,-41.0511,76.01,81,26,11.7
127,Lima,PE,2022-01-23 23:00:15,-12.0432,-77.0282,77.4,84,81,1.01
128,Waipawa,NZ,2022-01-23 23:00:31,-41.4122,175.5153,65.3,87,100,8.28
129,Nantucket,US,2022-01-23 23:00:31,41.2835,-70.0995,33.03,65,95,18.97
130,Castro,BR,2022-01-23 22:57:38,-24.7911,-50.0119,74.21,59,4,2.44
131,Bethel,US,2022-01-23 23:00:32,41.3712,-73.414,33.93,68,92,1.99
132,Maragogi,BR,2022-01-23 23:00:32,-9.0122,-35.2225,80.13,70,52,10.13
133,Airai,TL,2022-01-23 23:00:32,-8.9266,125.4092,65.07,82,100,2.64
134,Upernavik,GL,2022-01-23 23:00:32,72.7868,-56.1549,-12.78,61,3,5.46
135,Olafsvik,IS,2022-01-23 23:00:33,64.8945,-23.7142,27.32,59,100,19.53
136,Temnikov,RU,2022-01-23 23:00:33,54.6302,43.2148,3.29,100,99,4.47
137,Saskylakh,RU,2022-01-23 23:01:33,71.9167,114.0833,-18.49,100,96,4.97
138,Wasilla,US,2022-01-23 23:01:34,61.5814,-149.4394,41.94,56,100,3.0
139,Sept-Iles,CA,2022-01-23 23:00:02,50.2001,-66.3821,9.05,89,100,11.27
140,Hangu,CN,2022-01-23 23:01:34,39.2489,117.7892,19.44,76,100,2.91
141,Kidal,ML,2022-01-23 23:01:34,18.4411,1.4078,63.99,16,3,10.36
142,Torbay,CA,2022-01-23 23:01:35,47.6666,-52.7314,27.57,92,94,4.0
143,Bardiyah,LY,2022-01-23 23:01:35,31.7561,25.0865,49.87,54,64,10.49
144,Rawson,AR,2022-01-23 23:01:35,-43.3002,-65.1023,77.9,27,33,26.66
145,Inhambane,MZ,2022-01-23 23:01:35,-23.865,35.3833,76.68,86,95,17.85
146,Klin,RU,2022-01-23 23:01:36,56.3333,36.7333,-0.67,100,98,2.95
147,Bhadrachalam,IN,2022-01-23 23:01:36,17.6667,80.8833,67.73,87,90,2.28
148,Port-Cartier,CA,2022-01-23 23:01:36,50.0334,-66.8654,8.74,90,98,8.97
149,Hithadhoo,MV,2022-01-23 23:01:36,-0.6,73.0833,82.27,65,50,16.06
150,Izhmorskiy,RU,2022-01-23 23:01:37,56.194,86.6414,-8.25,100,89,1.99
151,Sumenep,ID,2022-01-23 23:01:37,-7.0167,113.8667,77.92,89,99,8.3
152,San Vicente,AR,2022-01-23 23:01:37,-26.6167,-54.1333,80.44,57,96,3.31
153,Poum,NC,2022-01-23 23:01:37,-20.2333,164.0167,81.07,67,98,9.93
154,Kurilsk,RU,2022-01-23 23:01:38,45.2333,147.8833,24.13,72,99,5.1
155,Gaya,IN,2022-01-23 23:01:38,24.7833,85.0,56.5,94,34,7.29
156,Port Elizabeth,ZA,2022-01-23 23:01:38,-33.918,25.5701,71.31,79,0,3.09
157,Lac Du Bonnet,CA,2022-01-23 23:01:38,50.2536,-96.0612,4.35,97,100,1.36
158,Geraldton,AU,2022-01-23 23:01:39,-28.7667,114.6,70.21,88,40,10.36
159,Ponnani,IN,2022-01-23 23:01:39,10.767,75.9252,72.72,81,36,5.59
160,Cap Malheureux,MU,2022-01-23 23:01:39,-19.9842,57.6142,78.48,84,47,4.0
161,Doka,SD,2022-01-23 23:01:39,13.5167,35.7667,74.59,29,7,11.83
162,Daru,PG,2022-01-23 23:01:40,-9.0763,143.2092,80.08,87,98,5.14
163,Lake Cowichan,CA,2022-01-23 23:00:22,48.825,-124.0546,38.05,60,67,1.57
164,Hasaki,JP,2022-01-23 23:01:40,35.7333,140.8333,39.6,61,100,24.74
165,Guisa,CU,2022-01-23 23:01:40,20.255,-76.5386,77.16,55,17,1.41
166,Georgetown,MY,2022-01-23 22:59:22,5.4112,100.3354,78.73,93,20,1.99
167,Tuatapere,NZ,2022-01-23 23:01:41,-46.1333,167.6833,62.82,54,45,2.91
168,Clyde River,CA,2022-01-23 23:01:41,70.4692,-68.5914,-13.04,92,100,12.48
169,Saint George,US,2022-01-23 23:01:41,37.1041,-113.5841,57.94,30,0,1.99
170,Pemberton,CA,2022-01-23 23:00:21,50.3164,-122.8027,43.3,85,100,0.4
171,Guerrero Negro,MX,2022-01-23 23:01:41,27.9769,-114.0611,66.42,38,79,8.52
172,Ormara,PK,2022-01-23 23:01:42,25.2088,64.6357,61.02,29,0,14.85
173,Sao Filipe,CV,2022-01-23 23:01:42,14.8961,-24.4956,75.34,69,100,13.76
174,Antalaha,MG,2022-01-23 23:01:42,-14.9003,50.2788,74.62,91,98,3.62
175,Cherskiy,RU,2022-01-23 23:01:43,68.75,161.3,-31.61,98,100,4.45
176,Port Hedland,AU,2022-01-23 23:01:13,-20.3167,118.5667,84.25,89,77,5.75
177,Kurdzhinovo,RU,2022-01-23 23:01:43,43.9884,40.9552,31.06,95,85,3.13
178,Wewak,PG,2022-01-23 23:01:43,-3.5534,143.6268,80.58,82,100,2.48
179,Verkhnyaya Inta,RU,2022-01-23 23:01:43,65.9811,60.3094,7.66,92,44,8.55
180,Bredasdorp,ZA,2022-01-23 23:01:44,-34.5322,20.0403,67.28,85,44,9.46
181,Kamenka,RU,2022-01-23 23:02:44,51.3223,42.7678,18.75,93,100,13.42
182,Guanica,PR,2022-01-23 23:02:44,17.9716,-66.908,79.97,74,5,3.0
183,Gumdag,TM,2022-01-23 23:02:45,39.2061,54.5906,36.73,60,0,19.82
184,Prabumulih,ID,2022-01-23 23:02:45,-3.45,104.25,73.65,98,100,2.28
185,Rocha,UY,2022-01-23 23:02:45,-34.4833,-54.3333,72.88,92,99,4.65
186,Virginia Beach,US,2022-01-23 23:02:46,36.8529,-75.978,40.1,66,0,5.75
187,Yulara,AU,2022-01-23 23:02:46,-25.2406,130.9889,80.56,41,0,10.29
188,Garowe,SO,2022-01-23 23:02:46,8.4054,48.4845,66.06,76,81,11.41
189,Turukhansk,RU,2022-01-23 23:02:46,65.8167,87.9833,-2.25,100,100,1.92
190,Seoul,KR,2022-01-23 23:01:42,37.5683,126.9778,33.19,77,12,3.51
191,Hilo,US,2022-01-23 22:58:48,19.7297,-155.09,79.25,81,31,4.0
192,Iqaluit,CA,2022-01-23 23:02:47,63.7506,-68.5145,-16.67,93,100,2.44
193,Linhares,BR,2022-01-23 22:58:05,-19.3911,-40.0722,73.36,88,40,3.78
194,Talcahuano,CL,2022-01-23 23:00:15,-36.7167,-73.1167,61.81,80,0,15.08
195,Tokur,RU,2022-01-23 23:02:47,53.1333,132.9,-27.35,100,95,2.46
196,Lavrentiya,RU,2022-01-23 23:02:47,65.5833,-171.0,6.69,96,100,6.17
197,Saint-Augustin,CA,2022-01-23 23:02:48,51.226,-58.6502,4.41,99,97,1.05
198,La Ronge,CA,2022-01-23 23:00:22,55.1001,-105.2842,0.79,96,100,4.38
199,Lasa,IT,2022-01-23 23:02:48,46.6166,10.7002,32.36,61,2,5.59
200,Saint Peter,BB,2022-01-23 23:02:48,13.25,-59.6167,75.58,71,6,12.91
201,Sola,VU,2022-01-23 23:02:48,-13.8833,167.55,84.15,74,95,13.71
202,Aklavik,CA,2022-01-23 23:02:49,68.2191,-135.0107,2.57,97,97,5.99
203,Upata,VE,2022-01-23 23:02:49,8.0086,-62.3989,80.19,56,10,4.9
204,Hervey Bay,AU,2022-01-23 23:02:49,-25.2986,152.8535,80.04,76,90,5.01
205,Nelson Bay,AU,2022-01-23 23:02:49,-32.7167,152.15,75.0,83,70,1.99
206,Mekhe,SN,2022-01-23 23:02:50,15.1097,-16.6218,82.96,9,91,14.36
207,Ucluelet,CA,2022-01-23 23:02:50,48.9329,-125.5528,46.09,89,76,1.99
208,Caravelas,BR,2022-01-23 23:02:50,-17.7125,-39.2481,76.03,82,41,4.38
209,Del Rio,US,2022-01-23 23:02:51,29.3627,-100.8968,57.31,41,100,10.36
210,Chivay,PE,2022-01-23 23:02:51,-15.6383,-71.6011,49.64,81,99,10.94
211,Changji,CN,2022-01-23 23:02:51,44.0167,87.3167,14.79,85,100,4.47
212,Katsuura,JP,2022-01-23 23:02:51,35.1333,140.3,46.18,82,100,17.52
213,Saldanha,ZA,2022-01-23 23:02:52,-33.0117,17.9442,65.91,96,58,12.84
214,Puerto Ayora,EC,2022-01-23 23:02:52,-0.7393,-90.3518,74.84,85,100,9.01
215,Sucua,EC,2022-01-23 23:02:52,-2.4667,-78.1667,73.4,95,80,0.6
216,Berlevag,NO,2022-01-23 23:02:52,70.8578,29.0864,40.95,65,0,48.34
217,Zabaykalsk,RU,2022-01-23 23:02:53,49.6333,117.3167,-3.26,99,100,1.66
218,Esperance,AU,2022-01-23 23:02:53,-33.8667,121.9,64.24,84,87,14.2
219,Maceio,BR,2022-01-23 23:00:17,-9.6658,-35.7353,80.04,78,20,6.91
220,Dikson,RU,2022-01-23 23:02:53,73.5069,80.5464,-8.57,100,100,18.84
221,Petropavlovsk-Kamchatskiy,RU,2022-01-23 23:02:54,53.0452,158.6483,0.19,71,0,8.95
222,San Ignacio,BZ,2022-01-23 23:02:54,17.1561,-89.0714,77.14,88,40,0.0
223,Okha,RU,2022-01-23 23:02:54,53.5739,142.9478,-5.12,94,21,12.35
224,Liberal,US,2022-01-23 22:57:55,37.0431,-100.921,59.14,32,3,5.61
225,Yar-Sale,RU,2022-01-23 23:02:54,66.8333,70.8333,4.35,94,59,11.5
226,Ellisras,ZA,2022-01-23 23:02:55,-23.6649,27.7443,64.65,60,13,5.5
227,Ulladulla,AU,2022-01-23 23:02:55,-35.35,150.4667,76.87,64,97,2.06
228,Bainbridge,US,2022-01-23 23:00:40,47.6262,-122.5212,44.89,65,65,3.24
229,Ahipara,NZ,2022-01-23 23:03:55,-35.1667,173.1667,70.21,77,100,11.65
230,Safaga,EG,2022-01-23 23:03:56,26.7292,33.9365,59.02,41,0,8.34
231,Thinadhoo,MV,2022-01-23 23:03:56,0.5333,72.9333,81.39,70,51,13.24
232,Karatsu,JP,2022-01-23 23:03:56,33.4425,129.9697,49.89,65,100,7.0
233,Kaeo,NZ,2022-01-23 23:03:56,-35.1,173.7833,71.33,87,100,11.21
234,Praia Da Vitoria,PT,2022-01-23 23:03:57,38.7333,-27.0667,55.76,85,52,5.99
235,Nouadhibou,MR,2022-01-23 23:03:57,20.931,-17.0347,67.71,72,100,16.91
236,Kedrovyy,RU,2022-01-23 23:03:57,56.1667,91.8167,-3.14,100,97,2.55
237,Namibe,AO,2022-01-23 23:03:57,-15.1961,12.1522,74.84,86,92,6.98
238,Swellendam,ZA,2022-01-23 23:03:58,-34.0226,20.4417,82.11,51,86,4.7
239,Ofeherto,HU,2022-01-23 23:03:58,47.9333,22.05,26.22,74,0,11.61
240,Dasoguz,TM,2022-01-23 23:03:58,41.8363,59.9666,12.31,87,5,8.08
241,Viedma,AR,2022-01-23 23:00:30,-40.8135,-62.9967,82.53,25,1,18.88
242,Baykit,RU,2022-01-23 23:03:59,61.67,96.37,-6.52,100,97,0.74
243,Rongcheng,CN,2022-01-23 23:03:59,30.634,117.8517,42.24,95,100,5.61
244,Rehoboth,NA,2022-01-23 23:03:59,-23.3167,17.0833,72.54,38,30,14.43
245,Faanui,PF,2022-01-23 23:03:59,-16.4833,-151.75,81.25,70,71,15.1
246,Barberton,ZA,2022-01-23 23:04:00,-25.7884,31.0532,63.93,93,26,3.06
247,Kamuli,UG,2022-01-23 23:04:00,0.9472,33.1197,67.15,75,100,1.74
248,Lukovetskiy,RU,2022-01-23 23:04:00,64.2956,41.9211,17.58,93,100,9.53
249,Portage,US,2022-01-23 23:04:00,41.1667,-81.1998,24.66,74,100,6.91
250,Tura,IN,2022-01-23 23:04:01,25.5198,90.2201,57.61,67,47,3.22
251,Celendin,PE,2022-01-23 23:04:01,-6.8703,-78.1517,61.32,74,68,5.1
252,Eyl,SO,2022-01-23 23:04:01,7.9803,49.8164,72.9,73,77,14.7
253,Magadan,RU,2022-01-23 23:04:02,59.5667,150.8,-10.3,80,52,8.95
254,Puksoozero,RU,2022-01-23 23:04:02,62.5903,40.6066,15.51,93,100,11.21
255,Gdov,RU,2022-01-23 23:04:02,58.7406,27.8122,27.41,95,100,12.12
256,Svetlaya,RU,2022-01-23 23:04:03,46.5389,138.3297,4.87,77,1,8.3
257,Kruisfontein,ZA,2022-01-23 23:04:03,-34.0033,24.7314,75.25,33,0,8.48
258,Ancud,CL,2022-01-23 23:04:03,-41.8697,-73.8203,61.43,85,83,9.46
259,Inuvik,CA,2022-01-23 23:04:03,68.3499,-133.7218,1.51,98,95,4.65
260,Narsaq,GL,2022-01-23 23:04:04,60.9167,-46.05,23.22,70,100,10.67
261,Zundert,NL,2022-01-23 23:04:04,51.4735,4.6418,42.64,92,5,4.88
262,Merauke,ID,2022-01-23 23:04:04,-8.4667,140.3333,81.23,82,99,8.86
263,Brae,GB,2022-01-23 23:03:10,60.3964,-1.353,48.11,87,100,34.74
264,Gorgan,IR,2022-01-23 23:04:05,36.8387,54.4348,47.01,39,0,5.01
265,Helong,CN,2022-01-23 23:04:05,42.5397,128.9972,6.39,81,10,4.21
266,Russell,US,2022-01-23 23:04:05,32.3502,-85.1999,47.91,45,0,3.44
267,Iranshahr,IR,2022-01-23 23:04:05,27.2025,60.6848,48.36,33,0,0.69
268,Manzhouli,CN,2022-01-23 23:04:06,49.6,117.4333,-3.21,99,100,1.63
269,Santa Rosa,PH,2022-01-23 23:04:06,14.3122,121.1114,77.11,86,76,3.27
270,Pinega,RU,2022-01-23 23:04:06,64.7001,43.3936,14.63,92,100,10.22
271,Hobyo,SO,2022-01-23 23:04:06,5.3505,48.5268,76.91,69,94,17.85
272,Coihaique,CL,2022-01-23 23:04:07,-45.5752,-72.0662,57.15,58,75,9.22
273,Tasiilaq,GL,2022-01-23 23:04:07,65.6145,-37.6368,15.96,51,55,11.21
274,Coahuayana,MX,2022-01-23 23:05:07,18.7333,-103.6833,85.48,46,76,6.06
275,Aasiaat,GL,2022-01-23 23:05:08,68.7098,-52.8699,5.05,88,100,11.61
276,Gopalpur,IN,2022-01-23 23:05:08,19.2667,84.9167,70.29,79,16,6.89
277,Kahului,US,2022-01-23 23:00:52,20.8947,-156.47,81.97,78,3,13.0
278,Dingle,PH,2022-01-23 23:05:08,10.9995,122.6711,75.11,92,90,7.05
279,Tiarei,PF,2022-01-23 23:05:09,-17.5333,-149.3333,86.02,78,73,12.64
280,Arraial Do Cabo,BR,2022-01-23 23:05:09,-22.9661,-42.0278,76.37,84,12,21.61
281,Dudinka,RU,2022-01-23 23:05:09,69.4058,86.1778,-16.29,100,100,5.82
282,Chardara,KZ,2022-01-23 23:05:10,41.2547,67.9692,33.13,73,1,7.16
283,Shuyskoye,RU,2022-01-23 23:05:10,59.3736,41.0305,2.44,99,93,4.76
284,Port Hardy,CA,2022-01-23 23:05:10,50.6996,-127.4199,45.61,73,100,4.83
285,Suleja,NG,2022-01-23 23:05:10,9.1758,7.1808,78.87,18,2,8.14
286,Port Lincoln,AU,2022-01-23 23:05:11,-34.7333,135.8667,69.62,92,77,8.05
287,Isangel,VU,2022-01-23 23:05:11,-19.55,169.2667,85.89,69,21,2.89
288,Komsomolskiy,UZ,2022-01-23 23:05:11,40.4272,71.7189,35.02,86,75,2.3
289,Los Llanos De Aridane,ES,2022-01-23 23:05:11,28.6585,-17.9182,62.35,91,0,5.01
290,Padang,ID,2022-01-23 23:05:12,-0.9492,100.3543,76.23,85,91,3.56
291,Pizhma,RU,2022-01-23 23:05:12,57.8642,47.1171,1.49,100,99,2.95
292,Sassandra,CI,2022-01-23 23:05:12,4.95,-6.0833,77.58,88,0,5.97
293,Kostolac,RS,2022-01-23 23:05:13,44.7149,21.1711,26.11,88,51,9.22
294,Port Blair,IN,2022-01-23 23:05:13,11.6667,92.75,75.18,74,20,2.33
295,Neiafu,TO,2022-01-23 23:05:13,-18.65,-173.9833,81.34,75,55,8.63
296,Turbat,PK,2022-01-23 23:05:13,26.0023,63.044,53.98,26,0,7.23
297,Axim,GH,2022-01-23 23:05:14,4.8699,-2.2405,78.3,85,4,7.23
298,Leningradskiy,RU,2022-01-23 23:05:14,69.3833,178.4167,-15.45,95,100,5.48
299,Iquitos,PE,2022-01-23 23:03:45,-3.7481,-73.2472,77.04,94,75,1.14
300,Arlit,NE,2022-01-23 23:05:14,18.7369,7.3853,60.42,20,1,6.67
301,Touros,BR,2022-01-23 23:00:32,-5.1989,-35.4608,80.4,73,7,11.86
302,Paamiut,GL,2022-01-23 23:03:11,61.994,-49.6678,23.36,73,100,14.5
303,Kavieng,PG,2022-01-23 23:05:15,-2.5744,150.7967,83.84,68,49,6.6
304,Riosucio,CO,2022-01-23 23:05:15,5.4216,-75.7032,63.63,92,99,2.21
305,Nome,US,2022-01-23 23:05:15,64.5011,-165.4064,2.16,85,0,0.0
306,The Valley,AI,2022-01-23 23:05:16,18.217,-63.0578,77.14,73,20,6.91
307,Nicoya,CR,2022-01-23 23:00:29,10.1483,-85.452,85.3,50,29,12.35
308,Vila Velha,BR,2022-01-23 23:00:23,-20.3297,-40.2925,78.94,82,36,1.99
309,Sur,OM,2022-01-23 23:05:16,22.5667,59.5289,67.06,60,0,12.12
310,Ust-Tsilma,RU,2022-01-23 23:05:16,65.441,52.1498,10.11,91,97,9.28
311,Nisia Floresta,BR,2022-01-23 23:05:16,-6.0911,-35.2086,83.21,77,65,8.63
312,Porbandar,IN,2022-01-23 23:05:17,21.6422,69.6093,60.17,51,24,6.6
313,Biak,ID,2022-01-23 23:05:17,-0.9131,122.8766,78.17,77,51,2.73
314,Tezu,IN,2022-01-23 23:05:17,27.9167,96.1667,56.19,52,88,1.95
315,Svetlogorsk,BY,2022-01-23 23:05:18,52.6333,29.7333,9.46,97,63,5.32
316,Mehamn,NO,2022-01-23 23:05:18,71.0357,27.8492,40.91,84,100,41.41
317,Iquique,CL,2022-01-23 23:00:26,-20.2208,-70.1431,69.01,84,86,4.36
318,Portland,US,2022-01-23 23:00:28,45.5234,-122.6762,57.85,64,32,1.99
319,Mayumba,GA,2022-01-23 23:05:18,-3.432,10.6554,76.06,91,30,5.41
320,Jishou,CN,2022-01-23 23:06:18,28.3167,109.7167,37.98,97,98,3.6
321,Tynset,NO,2022-01-23 23:06:19,62.2759,10.7824,38.82,99,100,5.91
322,Codrington,AU,2022-01-23 23:06:19,-38.2667,141.9667,86.45,27,100,7.31
323,Acapulco,MX,2022-01-23 23:06:19,16.8634,-99.8901,85.82,62,0,11.5
324,Akyab,MM,2022-01-23 23:06:19,20.15,92.9,63.9,66,5,6.22
325,Kokopo,PG,2022-01-23 23:06:20,-4.352,152.2633,82.71,71,85,7.02
326,Tucuma,BR,2022-01-23 23:03:53,-0.1833,-50.05,75.72,93,94,5.3
327,Verkhnyaya Toyma,RU,2022-01-23 23:06:20,62.2349,44.9985,3.42,98,96,5.46
328,Solnechnyy,RU,2022-01-23 23:06:20,50.7214,136.6319,-13.95,96,31,3.85
329,Souillac,MU,2022-01-23 23:06:21,-20.5167,57.5167,78.37,77,66,7.07
330,Wamba,NG,2022-01-23 23:06:21,8.9333,8.6,72.86,20,3,4.9
331,Chilca,PE,2022-01-23 23:06:21,-12.5211,-76.7372,79.09,82,76,6.04
332,Opuwo,NA,2022-01-23 23:06:21,-18.0607,13.84,74.66,37,64,5.06
333,Jacareacanga,BR,2022-01-23 23:06:22,-6.2222,-57.7528,75.15,97,97,1.99
334,Najran,SA,2022-01-23 23:06:22,17.4924,44.1277,56.19,44,0,0.22
335,Ous,RU,2022-01-23 23:06:22,60.9058,61.5186,9.14,93,100,2.82
336,Severo-Kurilsk,RU,2022-01-23 23:04:40,50.6789,156.125,26.17,75,100,10.47
337,Pevek,RU,2022-01-23 23:04:30,69.7008,170.3133,-12.46,96,100,18.01
338,Yining,CN,2022-01-23 23:06:23,29.0361,114.5636,42.96,93,100,1.72
339,Almaznyy,RU,2022-01-23 23:06:23,48.0448,40.045,26.74,97,100,13.71
340,Zwedru,LR,2022-01-23 23:06:23,6.0667,-8.1281,68.74,69,2,2.57
341,San Quintin,MX,2022-01-23 23:06:23,30.4833,-115.95,65.64,37,2,7.94
342,Srednekolymsk,RU,2022-01-23 23:06:15,67.45,153.6833,-26.63,98,100,6.8
343,Locri,IT,2022-01-23 23:06:24,38.2414,16.2623,53.82,67,5,11.79
344,Luderitz,NA,2022-01-23 23:06:24,-26.6481,15.1594,76.35,63,70,11.65
345,Buchanan,LR,2022-01-23 23:06:24,5.8808,-10.0467,75.16,82,10,7.02
346,Palana,RU,2022-01-23 23:06:24,59.1167,159.9667,-10.61,96,64,4.74
347,Prince George,CA,2022-01-23 23:01:33,53.9166,-122.753,39.29,69,0,9.22
348,Cockburn Town,TC,2022-01-23 23:02:26,21.4612,-71.1419,78.06,75,0,9.64
349,Panchla,IN,2022-01-23 23:06:25,22.5439,88.1381,62.56,77,37,5.79
350,Sitka,US,2022-01-23 23:06:25,57.0531,-135.33,39.09,93,100,3.44
351,Coxim,BR,2022-01-23 23:06:25,-18.5067,-54.76,84.83,64,97,1.7
352,Kaka,TM,2022-01-23 23:06:26,37.3482,59.6143,35.71,47,0,4.34
353,High Wycombe,GB,2022-01-23 23:06:26,51.6291,-0.7493,42.24,86,100,5.23
354,Agadez,NE,2022-01-23 23:06:26,19.75,10.25,55.54,26,62,11.23
355,Saqqez,IR,2022-01-23 23:06:26,36.2499,46.2735,9.21,73,0,5.66
356,Zbarazh,UA,2022-01-23 23:06:27,49.6636,25.7762,12.09,98,96,5.95
357,Tigil,RU,2022-01-23 23:06:27,57.8,158.6667,-0.54,97,99,2.46
358,Manitouwadge,CA,2022-01-23 23:06:27,49.1215,-85.8403,-6.88,96,95,3.78
359,San Carlos De Bariloche,AR,2022-01-23 23:06:27,-41.1456,-71.3082,50.67,91,100,8.48
360,High Rock,BS,2022-01-23 23:06:28,26.6208,-78.2833,68.02,75,35,14.61
361,Northam,GB,2022-01-23 23:06:28,51.0333,-4.2167,43.43,87,7,8.19
362,Dayong,CN,2022-01-23 23:06:28,25.0209,118.2898,60.89,95,97,2.13
363,Aktash,RU,2022-01-23 23:06:29,50.3,87.7333,-19.8,77,3,3.85
364,Warrington,GB,2022-01-23 23:06:29,53.3925,-2.5802,40.86,86,100,1.99
365,Pitimbu,BR,2022-01-23 23:06:29,-7.4706,-34.8086,81.19,70,26,9.15
366,Fairbanks,US,2022-01-23 23:06:02,64.8378,-147.7164,17.6,81,0,0.0
367,Moron,AR,2022-01-23 23:07:29,-34.6534,-58.6198,78.03,76,100,4.05
368,Hay River,CA,2022-01-23 23:07:30,60.8156,-115.7999,-7.55,96,72,4.52
369,Luwuk,ID,2022-01-23 23:07:30,-0.9516,122.7875,79.81,74,51,2.33
370,Chuy,UY,2022-01-23 23:07:30,-33.6971,-53.4616,74.26,96,77,4.14
371,Kinablangan,PH,2022-01-23 23:07:30,7.6947,126.5503,75.9,95,100,8.16
372,Itarema,BR,2022-01-23 23:07:31,-2.9248,-39.9167,79.84,70,20,15.35
373,Chapleau,CA,2022-01-23 23:07:31,47.8405,-83.4034,-8.07,99,65,3.36
374,Fillmore,US,2022-01-23 23:07:31,43.6666,-92.1002,6.49,66,40,5.75
375,Katangli,RU,2022-01-23 23:07:31,51.7102,143.2326,-5.13,93,12,11.99
376,Victoria,HK,2022-01-23 23:02:56,22.2855,114.1577,67.32,94,85,1.01
377,Boden,SE,2022-01-23 23:07:32,65.8252,21.6886,39.2,65,95,16.55
378,Tevaitoa,PF,2022-01-23 23:07:32,-16.7833,-151.5,81.27,68,93,15.32
379,Digby,CA,2022-01-23 23:05:42,44.6169,-65.7655,32.47,79,100,11.68
380,Zhigansk,RU,2022-01-23 23:06:09,66.7697,123.3711,-7.33,98,100,11.43
381,Cayenne,GF,2022-01-23 23:07:32,4.9333,-52.3333,77.09,88,100,1.01
382,Te Anau,NZ,2022-01-23 23:04:26,-45.4167,167.7167,58.19,64,63,1.41
383,Bunbury,AU,2022-01-23 23:07:33,-33.3333,115.6333,65.82,68,31,16.53
384,Adana,TR,2022-01-23 23:07:30,36.985,35.2881,39.22,60,0,6.91
385,Awjilah,LY,2022-01-23 23:07:33,29.1081,21.2869,49.98,65,11,7.54
386,Redondela,ES,2022-01-23 23:07:33,42.2834,-8.6096,46.26,77,0,0.0
387,Vrangel,RU,2022-01-23 23:07:33,42.7297,133.0839,15.58,67,0,12.21
388,Miranda,CO,2022-01-23 23:07:34,3.2499,-76.2281,72.18,89,74,1.41
389,Ukhta,RU,2022-01-23 23:07:34,63.5671,53.6835,8.2,97,91,5.5
390,Saint-Francois,FR,2022-01-23 23:07:34,46.4154,3.9054,32.47,96,100,6.91
391,Bereda,ES,2022-01-23 23:07:34,43.2686,-7.5406,37.42,95,0,1.68
392,Half Moon Bay,US,2022-01-23 23:07:35,37.4636,-122.4286,67.89,49,0,1.99
393,Noshiro,JP,2022-01-23 23:07:35,40.2039,140.0242,32.92,66,97,12.68
394,Mao,ES,2022-01-23 23:07:35,39.8885,4.2658,41.56,87,0,8.05
395,Hualahuises,MX,2022-01-23 23:07:35,24.8847,-99.6733,48.27,83,90,4.61
396,Lata,PT,2022-01-23 23:07:36,40.1629,-8.3327,49.82,81,0,3.53
397,Larap,PH,2022-01-23 23:07:36,14.299,122.6504,76.19,92,79,6.87
398,Anadyr,RU,2022-01-23 23:07:36,64.75,177.4833,-21.5,74,40,6.71
399,Balkanabat,TM,2022-01-23 23:07:36,39.5108,54.3671,41.67,43,1,8.72
400,Ngunguru,NZ,2022-01-23 23:07:37,-35.6167,174.5,71.17,78,100,13.69
401,Provideniya,RU,2022-01-23 23:07:37,64.3833,-173.3,12.36,85,100,11.18
402,Korla,CN,2022-01-23 23:07:37,41.7597,86.1469,23.81,58,100,1.52
403,Ylojarvi,FI,2022-01-23 23:07:38,61.5563,23.5961,30.61,99,100,10.36
404,Saint-Pierre,RE,2022-01-23 23:07:38,-21.3393,55.4781,78.48,73,0,8.05
405,Richards Bay,ZA,2022-01-23 23:07:38,-28.783,32.0377,68.38,86,13,5.19
406,Santa Marta,CO,2022-01-23 23:03:34,11.2408,-74.199,84.25,62,20,15.99
407,Magdagachi,RU,2022-01-23 23:07:38,53.45,125.8,-7.06,94,5,4.14
408,Jimeta,NG,2022-01-23 23:07:39,9.2833,12.4667,73.56,22,2,4.9
409,Semey,KZ,2022-01-23 23:07:39,50.4111,80.2275,-11.6,100,72,0.78
410,Edd,ER,2022-01-23 23:07:39,13.9297,41.6925,78.6,74,20,12.59
411,Adre,TD,2022-01-23 23:07:39,13.4667,22.2,64.49,16,7,9.44
412,Idrinskoye,RU,2022-01-23 23:07:40,54.3708,92.1358,-4.25,99,100,0.83
413,Den Helder,NL,2022-01-23 23:02:49,52.9599,4.7593,43.02,83,100,5.01
414,Vestmannaeyjar,IS,2022-01-23 23:03:11,63.4427,-20.2734,37.26,58,100,38.25
415,Igarka,RU,2022-01-23 23:08:40,67.4667,86.5833,-16.64,100,98,3.96
416,Cody,US,2022-01-23 23:06:25,44.5263,-109.0565,49.24,26,0,4.61
417,Bandrele,YT,2022-01-23 23:08:40,-12.9067,45.1914,82.15,78,75,18.41
418,Manturovo,RU,2022-01-23 23:08:40,58.3353,44.7619,-6.61,100,100,2.75
419,Khasan,RU,2022-01-23 23:08:41,42.4308,130.6434,16.41,62,0,9.04
420,Mattru,SL,2022-01-23 23:08:41,7.6244,-11.8332,72.95,87,7,0.85
421,Carangola,BR,2022-01-23 23:08:41,-20.7331,-42.0294,70.47,95,25,1.83
422,Shelburne,CA,2022-01-23 23:08:42,44.0787,-80.2041,9.12,77,78,5.23
423,Alim,PH,2022-01-23 23:08:42,9.5649,122.4876,77.67,87,75,6.55
424,Flinders,AU,2022-01-23 23:08:42,-34.5833,150.8552,77.38,74,99,4.0
425,Phan Thiet,VN,2022-01-23 23:08:42,10.9333,108.1,70.66,88,8,4.27
426,Ozernovskiy,RU,2022-01-23 23:08:43,51.5,156.5167,24.78,86,100,3.42
427,Borogontsy,RU,2022-01-23 23:08:43,62.6683,131.1683,-36.85,100,68,2.01
428,Wanning,CN,2022-01-23 23:08:43,18.8003,110.3967,71.56,92,77,4.36
429,Nishihara,JP,2022-01-23 23:08:44,26.1842,127.7558,69.08,88,75,14.97
430,Fomboni,KM,2022-01-23 23:08:44,-12.28,43.7425,81.45,79,100,21.47
431,Lorengau,PG,2022-01-23 23:08:44,-2.0226,147.2712,83.25,79,91,10.49
432,Lyndon,US,2022-01-23 23:08:44,38.2567,-85.6016,37.33,62,20,8.99
433,Grindavik,IS,2022-01-23 23:08:45,63.8424,-22.4338,28.87,100,75,18.41
434,Asau,RO,2022-01-23 23:08:45,46.4333,26.4,22.95,85,91,7.14
435,Amazar,RU,2022-01-23 23:08:45,53.858,120.875,-14.8,96,9,2.8
436,Cesis,LV,2022-01-23 23:08:45,57.3119,25.2746,26.73,93,100,9.28
437,Cabedelo,BR,2022-01-23 23:08:46,-6.9811,-34.8339,81.27,73,32,9.17
438,Wuwei,CN,2022-01-23 23:08:46,37.9281,102.6414,21.27,55,10,2.17
439,Kroya,ID,2022-01-23 23:08:46,-7.6331,109.2461,77.32,89,100,4.09
440,Nabire,ID,2022-01-23 23:08:46,-3.3667,135.4833,79.23,85,99,0.87
441,Saint Anthony,US,2022-01-23 23:08:47,45.0205,-93.218,6.84,67,100,1.01
442,Port-Gentil,GA,2022-01-23 23:08:47,-0.7193,8.7815,79.59,80,37,11.45
443,Palmer,US,2022-01-23 23:08:47,42.1584,-72.3287,31.98,52,100,3.0
444,Tashtyp,RU,2022-01-23 23:08:47,52.7939,89.8983,0.55,99,100,2.98
445,Skjervoy,NO,2022-01-23 23:08:48,70.0311,20.9714,43.0,82,100,37.85
446,Kuala Sungai Baru,MY,2022-01-23 23:08:48,2.3594,102.0353,77.14,85,92,5.91
447,Bilma,NE,2022-01-23 23:08:48,18.6853,12.9164,59.47,20,81,12.73
448,Margate,GB,2022-01-23 23:08:48,51.3813,1.3862,42.91,77,91,3.0
449,Palu,ID,2022-01-23 23:08:49,-0.8917,119.8707,76.84,92,100,1.63
450,Yamada,JP,2022-01-23 23:08:49,39.4667,141.95,33.87,65,40,7.49
451,Adrar,MR,2022-01-23 23:08:49,20.5022,-10.0711,66.47,18,7,11.25
452,Hami,CN,2022-01-23 23:08:50,42.8,93.45,22.24,59,0,5.66
453,Araouane,ML,2022-01-23 23:08:50,18.9048,-3.5265,63.57,12,1,12.5
454,Clearlake,US,2022-01-23 23:08:50,38.9582,-122.6264,66.11,27,0,2.48
455,Fairview,US,2022-01-23 23:08:50,40.8126,-73.999,35.47,54,100,6.91
456,Namatanai,PG,2022-01-23 23:08:51,-3.6667,152.4333,83.89,70,93,3.47
457,Gualaquiza,EC,2022-01-23 23:06:57,-3.4,-78.55,69.15,95,52,1.14
458,Buraydah,SA,2022-01-23 23:08:51,26.326,43.975,61.29,51,14,9.46
459,Omaruru,NA,2022-01-23 23:09:51,-21.4333,15.9333,77.76,33,93,5.3
460,Dmitrovsk-Orlovskiy,RU,2022-01-23 23:09:51,52.505,35.1464,8.33,98,91,8.68
461,Carnaxide,PT,2022-01-23 23:09:52,38.7271,-9.2467,53.13,64,0,3.0
462,Tikaitnagar,IN,2022-01-23 23:09:52,26.95,81.5833,53.13,94,26,4.32
463,Yambio,SS,2022-01-23 23:09:52,4.5721,28.3955,74.89,33,61,3.8
464,Broome,US,2022-01-23 23:09:52,42.2506,-75.833,27.46,80,100,1.01
465,Lazaro Cardenas,MX,2022-01-23 23:09:53,17.9583,-102.2,82.04,56,60,10.04
466,Yabelo,ET,2022-01-23 23:09:53,4.8833,38.0833,62.4,37,65,11.27
467,Tias,ES,2022-01-23 23:09:53,28.9611,-13.645,62.28,82,20,3.44
468,Bileca,BA,2022-01-23 23:09:53,42.8719,18.4297,28.29,72,6,5.19
469,Haines Junction,CA,2022-01-23 23:09:54,60.7522,-137.5108,29.1,94,88,4.12
470,Cartagena,CO,2022-01-23 23:09:31,10.3997,-75.5144,80.22,74,20,11.5
471,Aden,YE,2022-01-23 23:09:54,12.7794,45.0367,76.15,72,81,12.59
472,Stokmarknes,NO,2022-01-23 23:09:54,68.5646,14.9108,46.38,95,100,34.23
473,Nyurba,RU,2022-01-23 23:09:55,63.2842,118.3319,-7.13,98,85,6.15
474,Sohagpur,IN,2022-01-23 23:09:55,22.7,78.2,51.76,65,0,2.75
475,Villa Maria,AR,2022-01-23 23:09:31,-32.4075,-63.2402,78.82,82,83,3.49
476,Peshkovo,RU,2022-01-23 23:09:55,47.0187,39.3885,29.88,99,100,12.33
477,Sechura,PE,2022-01-23 23:09:55,-5.5569,-80.8222,78.17,61,34,18.77
478,Pangai,TO,2022-01-23 23:09:56,-19.8,-174.35,81.48,74,41,10.31
479,Atar,MR,2022-01-23 23:09:56,20.5169,-13.0499,73.0,19,89,7.25
480,Sisimiut,GL,2022-01-23 23:09:56,66.9395,-53.6735,16.02,70,100,17.52
481,Aurora,US,2022-01-23 23:05:12,39.7294,-104.8319,53.11,27,20,1.01
482,Havoysund,NO,2022-01-23 23:09:57,70.9963,24.6622,43.68,84,100,46.75
483,Togur,RU,2022-01-23 23:09:57,58.3631,82.8265,-13.34,100,100,1.77
484,Mildura,AU,2022-01-23 23:06:57,-34.2,142.15,90.07,35,97,14.56
485,La Union,PE,2022-01-23 23:09:57,-5.4,-80.75,82.2,50,32,20.58
486,San Buenaventura,MX,2022-01-23 23:09:57,27.0833,-101.5333,52.72,82,75,5.75
487,Dhidhdhoo,MV,2022-01-23 23:09:58,6.8833,73.1,80.56,61,100,9.06
488,Trenggalek,ID,2022-01-23 23:09:58,-8.05,111.7167,73.87,92,97,3.31
489,Monrovia,LR,2022-01-23 23:09:58,6.3005,-10.7969,74.97,81,0,8.19
490,Huarmey,PE,2022-01-23 23:09:58,-10.0681,-78.1522,74.16,80,50,10.6
491,Rio Gallegos,AR,2022-01-23 23:09:59,-51.6226,-69.2181,57.61,48,95,29.04
492,Isla Mujeres,MX,2022-01-23 23:06:25,21.2311,-86.731,75.25,78,44,14.27
493,Mbigou,GA,2022-01-23 23:09:59,-1.9005,11.906,69.08,92,64,3.15
494,Pedasi,PA,2022-01-23 23:09:59,7.5333,-80.0333,78.06,77,78,17.72
495,Aquiraz,BR,2022-01-23 23:09:59,-3.9014,-38.3911,82.18,73,0,9.13
496,Nigde,TR,2022-01-23 23:10:00,37.8333,34.75,6.13,96,99,2.66
497,Laizhou,CN,2022-01-23 23:10:00,37.1717,119.9214,28.36,71,78,9.69
498,Sakakah,SA,2022-01-23 23:10:01,29.9697,40.2064,45.72,46,0,2.04
499,Kawalu,ID,2022-01-23 23:10:01,-7.3817,108.2082,72.19,95,92,1.68
500,Poya,NC,2022-01-23 23:10:01,-21.35,165.15,83.91,65,31,4.05
501,Celestun,MX,2022-01-23 23:10:01,20.8667,-90.4,74.03,76,33,17.78
502,Jumla,NP,2022-01-23 23:10:02,29.2747,82.1838,25.11,91,52,6.11
503,Shymkent,KZ,2022-01-23 23:10:02,42.3,69.6,30.79,93,100,4.47
504,Santa Cruz Del Norte,CU,2022-01-23 23:11:02,23.1539,-81.9236,70.54,79,95,14.58
505,Vagur,FO,2022-01-23 23:11:03,61.4732,-6.8119,41.95,62,100,27.78
506,Capaci,IT,2022-01-23 23:11:03,38.1711,13.2393,47.25,69,0,8.05
507,Tulare,US,2022-01-23 23:10:33,36.2666,-118.8009,61.93,32,0,3.0
508,Barrhead,GB,2022-01-23 23:11:03,55.7992,-4.3929,45.01,83,100,4.0
509,Warri,NG,2022-01-23 23:11:04,5.5167,5.75,78.71,80,5,2.91
510,Bara,NG,2022-01-23 23:11:04,10.3744,10.7288,67.19,23,1,9.46
511,Cairns,AU,2022-01-23 23:11:04,-16.9167,145.7667,85.1,79,100,10.36
512,Alta Floresta,BR,2022-01-23 23:10:54,-9.8756,-56.0861,73.31,95,94,2.42
513,Kimbe,PG,2022-01-23 23:11:05,-5.5502,150.1429,82.45,77,100,0.6
514,Bintulu,MY,2022-01-23 23:11:05,3.1667,113.0333,76.51,89,70,0.98
515,Issia,CI,2022-01-23 23:11:05,6.4922,-6.5856,70.48,39,0,3.42
516,Roald,NO,2022-01-23 23:11:05,62.5833,6.1333,47.34,81,100,35.68
517,San Cristobal,VE,2022-01-23 23:11:06,7.7669,-72.225,73.58,68,78,0.67
518,Tongchuan,CN,2022-01-23 23:11:06,35.0806,109.0897,30.61,90,99,1.14
519,Harper,LR,2022-01-23 23:06:12,4.375,-7.7169,78.58,84,0,8.01
520,Nova Odesa,UA,2022-01-23 23:11:06,47.3078,31.7851,25.36,78,93,15.86
521,Bengkulu,ID,2022-01-23 23:11:06,-3.8004,102.2655,74.97,89,78,4.03
522,Quelimane,MZ,2022-01-23 23:11:07,-17.8786,36.8883,75.33,99,100,5.57
523,Dauriya,RU,2022-01-23 23:11:07,49.9333,116.8667,-3.3,99,100,2.75
524,Le Pont-De-Claix,FR,2022-01-23 23:11:07,45.1244,5.7064,37.36,80,7,4.09
525,Dondo,MZ,2022-01-23 23:08:09,-19.6094,34.7431,76.51,97,100,9.91
526,Mawlaik,MM,2022-01-23 23:11:08,23.6333,94.4167,56.46,74,62,1.66
527,Oda,JP,2022-01-23 23:11:08,35.1833,132.5,42.57,72,100,17.25
528,Saurimo,AO,2022-01-23 23:11:08,-9.6608,20.3916,64.42,97,99,1.59
529,Jiuquan,CN,2022-01-23 23:11:08,39.7432,98.5174,18.77,59,10,0.76
530,Chinsali,ZM,2022-01-23 23:11:09,-10.5414,32.0816,58.98,95,72,3.33
531,Santa Cruz,BO,2022-01-23 23:06:48,-17.8,-63.1667,80.65,74,20,13.8
532,Haysville,US,2022-01-23 23:11:09,37.5645,-97.3523,56.57,41,0,1.99
